{
    "boisson": {
        "boisson_chaude": {
            "cafe": {
                "items": [
                    {
                        "id": 1,
                        "nom": "Caf\u00e9 filtre (petit)",
                        "prix": 2.2,
                        "disponible": false
                    },
                    {
                        "id": 2,
                        "nom": "Caf\u00e9 filtre (grand)",
                        "prix": 2.5,
                        "disponible": true
                    },
                    {
                        "id": 3,
                        "nom": "Latte",
                        "prix": 2.6,
                        "disponible": true
                    },
                    {
                        "id": 4,
                        "nom": "Capuccino",
                        "prix": 3.05,
                        "disponible": false
                    },
                    {
                        "id": 5,
                        "nom": "Espresso",
                        "prix": 3.0,
                        "disponible": true
                    }
                ]
            },
            "the": {
                "items": [
                    {
                        "id": 6,
                        "nom": "Th\u00e9 noir",
                        "prix": 3.0,
                        "disponible": true
                    },
                    {
                        "id": 7,
                        "nom": "Th\u00e9 vert",
                        "prix": 3.0,
                        "disponible": true
                    }
                ]
            },
            "chocolat": {
                "items": [
                    {
                        "id": 8,
                        "nom": "Chocolat chaud (petit)",
                        "prix": 2.3,
                        "disponible": true
                    },
                    {
                        "id": 9,
                        "nom": "Chocolat chaud (grand)",
                        "prix": 3.0,
                        "disponible": true
                    }
                ]
            }
        },
        "boisson_froide": {
            "items": [
                {
                    "id": 10,
                    "nom": "Lait au chocolat",
                    "prix": 2.5,
                    "disponible": true
                },
                {
                    "id": 11,
                    "nom": "Limonade",
                    "prix": 2.1,
                    "disponible": false
                },
                {
                    "id": 12,
                    "nom": "Jus de pomme",
                    "prix": 2.2,
                    "disponible": true
                },
                {
                    "id": 13,
                    "nom": "Jus d'orange",
                    "prix": 2.0,
                    "disponible": true
                }
            ]
        }
    },
    "sandwich": {
        "regulier": {
            "items": [
                {
                    "id": 14,
                    "nom": "Sandwich au thon",
                    "prix": 5.1,
                    "disponible": true
                },
                {
                    "id": 15,
                    "nom": "Sandwich au poulet",
                    "prix": 5.3,
                    "disponible": true
                },
                {
                    "id": 16,
                    "nom": "Sandwich \u00e0 la dinde",
                    "prix": 5.3,
                    "disponible": true
                },
                {
                    "id": 17,
                    "nom": "Sandwich aux oeufs",
                    "prix": 4.5,
                    "disponible": true
                }
            ]
        },
        "wrap": {
            "items": [
                {
                    "id": 18,
                    "nom": "Wrap fraicheur",
                    "prix": 5.2,
                    "disponible": true
                },
                {
                    "id": 19,
                    "nom": "Wrap au poulet",
                    "prix": 5.2,
                    "disponible": true
                }
            ]
        }
    },
    "fruit": {
        "items": [
            {
                "id": 20,
                "nom": "Banane",
                "prix": 1.0,
                "disponible": true
            },
            {
                "id": 21,
                "nom": "Pomme",
                "prix": 1.4,
                "disponible": true
            },
            {
                "id": 22,
                "nom": "Bol de raisins",
                "prix": 1.4,
                "disponible": false
            },
            {
                "id": 23,
                "nom": "Bol de bleuets",
                "prix": 2.4,
                "disponible": true
            },
            {
                "id": 24,
                "nom": "Bol de fraises",
                "prix": 2.7,
                "disponible": false
            },
            {
                "id": 25,
                "nom": "Fruits frais tranch\u00e9s",
                "prix": 3.0,
                "disponible": true
            }
        ]
    },
    "viennoiserie": {
        "pain": {
            "items": [
                {
                    "id": 26,
                    "nom": "Pain aux raisins",
                    "prix": 1.6,
                    "disponible": true
                },
                {
                    "id": 27,
                    "nom": "Pain au chocolat",
                    "prix": 2.0,
                    "disponible": true
                },
                {
                    "id": 28,
                    "nom": "Pain au lait",
                    "prix": 1.5,
                    "disponible": true
                }
            ]
        },
        "chausson": {
            "items": [
                {
                    "id": 29,
                    "nom": "Chausson aux pommes",
                    "prix": 2.8,
                    "disponible": true
                },
                {
                    "id": 30,
                    "nom": "Chausson aux fraises",
                    "prix": 2.8,
                    "disponible": true
                }
            ]
        },
        "croissant": {
            "items": [
                {
                    "id": 31,
                    "nom": "Croissant nature",
                    "prix": 2.5,
                    "disponible": true
                },
                {
                    "id": 32,
                    "nom": "Croissant au beurre",
                    "prix": 2.8,
                    "disponible": false
                },
                {
                    "id": 33,
                    "nom": "Croissant au fromage",
                    "prix": 3.0,
                    "disponible": true
                },
                {
                    "id": 34,
                    "nom": "Croissant aux amandes",
                    "prix": 3.1,
                    "disponible": true
                }
            ]
        }
    },
    "muffin": {
        "items": [
            {
                "id": 35,
                "nom": "Muffin \u00ab red velvet \u00bb",
                "prix": 3.0,
                "disponible": true
            },
            {
                "id": 36,
                "nom": "Muffin aux bleuets",
                "prix": 2.6,
                "disponible": true
            },
            {
                "id": 37,
                "nom": "Muffin aux fruits des champs",
                "prix": 2.8,
                "disponible": true
            },
            {
                "id": 38,
                "nom": "Muffin aux pepites de chocolat",
                "prix": 3.0,
                "disponible": true
            },
            {
                "id": 39,
                "nom": "Muffin au double chocolat",
                "prix": 3.1,
                "disponible": true
            },
            {
                "id": 40,
                "nom": "Muffin \u00e0 l'avoine",
                "prix": 2.8,
                "disponible": true
            }
        ]
    }
}